{"requests_per_minute_max":16,"timing":{"download":10,"search":646,"xref":1830,"opensearch":108,"root":1412,"empty_search":3,"*":4006,"successful_search":643},"minutes":143657,"timing_min":{"download":0,"search":3,"xref":0,"opensearch":0,"root":1412,"empty_search":3,"*":0,"successful_search":7},"timing_avg":{"download":1.4285714285714286,"search":43.06666666666667,"xref":21.785714285714285,"opensearch":0.43548387096774194,"root":1412.0,"empty_search":3.0,"*":11.284507042253521,"successful_search":45.92857142857143},"request_categories":{"download":7,"search":15,"xref":84,"opensearch":248,"root":1,"empty_search":1,"*":355,"successful_search":14},"day_histogram":[151,0,0,0,0,0,0,0,0,0,0,44,0,0,38,6,0,2,10,6,30,0,3,65],"requests":355,"requests_per_minute_min":1,"requests_per_minute":0,"requests_per_minute_avg":0.0024711639530270017,"month_histogram":[0,0,0,0,0,0,0,16,167,151,9,10,0,0,0,0,0,1,1,0,0,0,0,0,0,0,0,0,0,0,0],"timing_max":{"download":6,"search":447,"xref":343,"opensearch":2,"root":1412,"empty_search":3,"*":1412,"successful_search":447}}